Variable,Correlation_with_Scope1
Scope1,1.0
TA,0.4697661313841186
Inflation,-0.4618113935249352
TL,0.44945289517698755
PPE,0.40867061615944156
SOxEmission,0.40730643850571246
